profile,subs per set,subs total,subs per sub
selenagomez,55,205093388,2.681705175205356
kyliejenner,21,211351841,0.9936038361738235
instagram,-8,384585356,-0.20801624074318628
